coordinates,description,id,name,vehicles
"{'type':'Polygon','coordinates':[[[-84.2184017587786,9.978248776652876],[-84.16939243565848,9.978333309021421],[-84.16012272130301,9.916787949665956],[-84.22921642552664,9.919578031168141],[-84.2184017587786,9.978248776652876]]]}",Santa Ana,,Santa Ana,"[]"
